filename,urls,state
adapter01_indoor_1,https://data.votchallenge.net/sequences/da8a1bd7d497d323a7647e3a6f72f871a97194e47a21fdd5307f518f43e8cdc93ab9f3695d25feafa7358add14ebbeb9b8da9eea91ee758aa9793f83b3a2fd56.zip,False
backpack_blue_1,https://data.votchallenge.net/sequences/a1fa8cec6e936bc0087f17a59bc69d4d6cb3863f35f59a5a45139215a5b99c006c7e2a563fedf28b042e26a37635f36e22ed5a1151031f69d4d298b44e350ba0.zip,False
backpack_indoor_1,https://data.votchallenge.net/sequences/2d751490cbe593689dface58bb560962dbd7b82d6561d460e827ac247e383a3be9450d546783268c7839d4a73f697170108db4783a4cc0f927a95178fec86cf1.zip,False
backpack_robotarm_lab_occ_1,https://data.votchallenge.net/sequences/af89b2fcca8d397691bbc208c22da328a06bf814f45f9123b503492078587d9cf72dd846ca004f20051adb2616d0a17a2a01984cfee02d5b46e189a4574b2dc7.zip,False
backpack_room_noocc_1_1,https://data.votchallenge.net/sequences/c9a3aa9c5ae3fc66e326fc23e066ec7e6d4e5c8bee6edffefc3b163d4976500e3b0841b580a71bcb74580ad7eb8779f35771a96059a2d23cc90c929187dba588.zip,False
bag01_indoor_1,https://data.votchallenge.net/sequences/dbef1810ec61a7f7dd046ab4fa1ea5925da66ad020204a3fde6974ae3f8896162069bd15fae256f437da738985911fb234d735de5bef8349bea458349bd38ccc.zip,False
bag01_indoor_2,https://data.votchallenge.net/sequences/c2df7ef6d4ff603bd433e61432f224fb345579e5954b2f2b199e3974d1f9d284b8e7bf58f8d49fea6ec0337038ae4d9c4a167dbff296477afd4273cad5968809.zip,False
bag01_indoor_4,https://data.votchallenge.net/sequences/ddb4800813f115bd7282ad3ee33b93a869f8d52affb37906fef75bd4caf9a2d525cd1f83055bb35032892612b7ea7ca8bc7c44e80e7f28407383aad7e239490e.zip,False
bag02_indoor_1,https://data.votchallenge.net/sequences/80a450de735defc0266d939de4169a2de2a7cfa74fb217d7b8368715121ab277629a64114db02e19c740f6201c15cddbdd28bffb864499224c054cf0610eef26.zip,False
bag02_indoor_2,https://data.votchallenge.net/sequences/59ec14a9bde06f45f7baa9da1cba85e0cde14397c61b286f62ea0cfbfb1c2a18a9aa214f9b2536676c1dae49e27d03e8128f9998918932759a6056dae5ea80e1.zip,False
bag_outside_2,https://data.votchallenge.net/sequences/924c730ada416dc2f2c8763b23f01caa6a28c45733ab912602f8d2b1f32e24bc17c39d9d3afbafa3ee5035447563f232fdb425e6062ba22893abccb4f4c252ae.zip,False
bag_outside_3,https://data.votchallenge.net/sequences/3748e8c4ddcd38f2f74b0e12def334bb3fce40de9ccc55991ffa32e63d7fbc0b6fc32009db2acd12bbc929c87df7e2927d20698128c1208dd5a8bdaa7e62fe46.zip,False
ball06_indoor_1,https://data.votchallenge.net/sequences/289fb4c2ccae2a6acd8e77844d2bd6f0375d5a119d4764fc1b78a962bad460b78c1013331f15e7ecbce61dae26dda595fef73f9d6ecf07255ab75c002944f4fe.zip,False
ball06_indoor_2,https://data.votchallenge.net/sequences/d333499d60d00d5f4a2646aa5d3ca3141f47ed247a0e16f88d1365e577648be32a8d13d747319379c1c95cb3eafb7f8b0bfafc9c51036c3945713f8958bf8899.zip,False
ball11_wild_1,https://data.votchallenge.net/sequences/86a4dccb31e3df210f027f98f05f99d0b42161802e89389453ca1fffe1d88d250e03fe2ee6d6a31c138ab5e7742dc5eb39cb9c8b467d7dc71b655041f50b5482.zip,False
ball11_wild_2,https://data.votchallenge.net/sequences/b92843e2901f2bb333ea956ba771ee5742c244adce09a6d89e3b94e62c6128213d3b2d4391141833ed4b09af25ad26c48b00d5e264c062d11a3034d06b6f5991.zip,False
ball11_wild_5,https://data.votchallenge.net/sequences/b626b2e50cc6e542a6e9ff01e1a9b96c8e4386b29a4e0ebeb5c3b066055738636416be8a92176110961c284e547ecdf5284b9b44472ab3215d59b3cc42334633.zip,False
ball20_indoor_1,https://data.votchallenge.net/sequences/ca7326f60c2f9ea9e2f27e16ca249c8e71335397d5fb70ab5c04c30aa97d61fcb0a22629389ae116dff18fc8b6435b8594e77b2d9cc7d5cc884f45da16ce3348.zip,False
ball20_indoor_4,https://data.votchallenge.net/sequences/4c54fc7a0b4b170902401b74d971c292f585078213718b9f773acb50621cdb2540a14e68dfb1c31fffe410a58f1a0d5e0df87b2b7be6c65134bf175ba1001ec4.zip,False
bandlight_indoor_1,https://data.votchallenge.net/sequences/618544903867526001906085e7274818a77afd51f360562cf539aaa930f3d4fda350f035f3eb1d257548e4e4aec7c19be4bdffa81cf15434603bfcf6378a8b21.zip,False
bicycle2_outside_1,https://data.votchallenge.net/sequences/d0862c1a1a1fa10bae04ced20d0fdba4bd48dac76e117b7b3f1375047878cccb3429a21adcf32dc544d90bdbd28dbe843584e210c34f9f3ca42d1a45dda0f59f.zip,False
bottle_box_5,https://data.votchallenge.net/sequences/645f9d418cffaf4000e1840ef8c212c68a03fed8156d18ec552f65b82b998980eaec8bf1c54989f827c29d4f27d54aa93b54bfffd56d9dcf415f174c184a3dbc.zip,False
box1_outside_1,https://data.votchallenge.net/sequences/36af47308480c4a8f671591498174dc150fafb5ee6d3a6c8ef6118d8d43d629f8e5135f8d0ddf314fdd2dbc701790cc2413e912760d253d8f816b40fa4e8912b.zip,False
box_darkroom_noocc_10_1,https://data.votchallenge.net/sequences/cf73a9b4499d31f147b83319a99cf74c326aecddcf58af51e921ad53eb364347d4bb684f237b8534af0478a5e1d441f9105c123ac52a17e9f6763f077e51a68c.zip,False
box_darkroom_noocc_1_1,https://data.votchallenge.net/sequences/f2c90f333963c96322161caff6609eb0a25566bcbb420cf9e1c5f8adc019d521c036170a88ec0a69db928fcd46af51444c7410211ec21f6162fcb1e4a3b75da0.zip,False
box_darkroom_noocc_2_1,https://data.votchallenge.net/sequences/4c108676c3c0de97b062d0a067837585bf839accd8aac9a1378d738b32569f30f827f474f73e56cc1e5c363bdf7bb9d29ad8598e2c6ad1055dcf9b750857af89.zip,False
box_darkroom_noocc_3_1,https://data.votchallenge.net/sequences/604388b676ba3273cf943d98e37aaca60b8371088d505ab89420f181629bdfe56d8e4786f4d1ac755411c41b2ef199b1c7da7e6fa21b14e359d39e94f6bc22ca.zip,False
box_darkroom_noocc_4_1,https://data.votchallenge.net/sequences/26fee0ecec9ea3b425dbfab7714f37a5de961cb8c14083c7bc94cc98f7b5d1553135b0212bf74a647c2b9e67fc325b324b7eb3f5daa6203708220ee9362634fa.zip,False
box_darkroom_noocc_5_1,https://data.votchallenge.net/sequences/bf3ff1f24595273ed2c6e2f3c8957e01e72c2531ffcd6648943bf54e16ff4b2b05cc5c6823c834e8cf46cb1c0f0cbfe2608e3d4a4cc56ab1a7093d2c7d7ac975.zip,False
box_darkroom_noocc_6_1,https://data.votchallenge.net/sequences/134bcff37aba532df9c123fc88c6ad92f26c8609adf65aa49d4fd7d6183590c226b902204d9509fcc1d08e02a6106d09bf6e1799c579845ca490ca580159c338.zip,False
box_darkroom_noocc_7_1,https://data.votchallenge.net/sequences/49ba7738d016bfcc9cf17674ac5e1fce32cda11074029b3fe4a93c8f3615aa8493a82564b7f5ba521261060b399733f3bc62810e3607c86192090819a49ce752.zip,False
boxes_backpack_room_occ_1_2,https://data.votchallenge.net/sequences/525f7df96c02551e83751a61481d116ed4df81a3e08c26f47b63a113cecf0bd23d801f7fb0e50613825aa578d694819029dc4f2e43e03c66bf75df0aa7e0fae6.zip,False
boxes_humans_room_occ_1_1,https://data.votchallenge.net/sequences/eac757cd101b84f985816592c1f9642e55bb5d0c9ca6c87540f6b18ff51cd9aac496bf3791ca0d12181c9bd2003648cc99fa01d110ed1b2ff0a51a6cc5e332db.zip,False
boxes_humans_room_occ_1_4,https://data.votchallenge.net/sequences/e5a357346506bd969be0ea7481eaaaf8b834e7c515282d61d5138cd51fa30bf2bd29b291c26944cf27530d3fb8387128cfaafd4c28b8a2fb729b4b654fc6fbdf.zip,False
boxes_humans_room_occ_1_5,https://data.votchallenge.net/sequences/770dcd900689094dd87fa939d6f5eb8995a4647e5d3180baca6e1b13229cabc83d83c39b89dba6547892d49d1b480dcbd28c9310ee47d1167533c59ad4dd22dd.zip,False
boxes_room_occ_1_1,https://data.votchallenge.net/sequences/24d7bac755a7fa64865eed37c133a4e94feeea9244cc695eee72960f534071841a75c8a8bb70fc78a5a23a7c571af9154e41e47490f7aeeae3458c9273b2e424.zip,False
boxes_room_occ_1_2,https://data.votchallenge.net/sequences/933ce005ff0a107302bc8ddb782432046bb3c0b6539b89830163ca54bfb2646d3bda19acedea4f83f5fc6414c5474c724b01bef8827dbe5aed269ce3fc090d6c.zip,False
box_humans_room_occ_1_1,https://data.votchallenge.net/sequences/98cb22170ae3eb9c21cef6cc7c751ab3f4b512b5c1e443daab99d476b3b4e2609dd71e04ff492e9776d97cdba0bb872fb1be5ab524522f1418d69ad2c96c0e0f.zip,False
box_room_noocc_3_1,https://data.votchallenge.net/sequences/472b3a2fd84b37339d2906c3dea5f2f138d5ca633d5f0d83465b1869a7150bad4b39120eb195e50c40df2ef65d1eec1404b0923b2c4bbd8f13cc74ec75739ab9.zip,False
box_room_noocc_4_1,https://data.votchallenge.net/sequences/81ff50c80f823b80532fd9d87494209681555ded8f5828f9b54ed5d50462bcd02e3e0df133ef980ad59fe3af4cfd03a2c97b89e3c83596738e429f11d39df8f0.zip,False
box_room_noocc_7_1,https://data.votchallenge.net/sequences/8afd0f0b1af2547024d37bf45583d93989b48178fa794d0b67bcca04bbb6bbe11bdbaecec5ad92e0d3acd53bf20c4a862cd62d1b6cac62a1090cc0a95cda4c4a.zip,False
box_room_occ_2_1,https://data.votchallenge.net/sequences/df51c11adae8f254e28952aac8e713d1f9d5d948700b13e48331628555037663fc17458e5a7fc176a136cd1017ebca7d4dce5283646866bba8865a922d7d4868.zip,False
box_room_occ_2_2,https://data.votchallenge.net/sequences/7bf1b31749dff3fb34de13e618a8b399cab63584ba55ec453161b400faed48e3e48720842eddcf196f8c5e5c2bf3296c7e20d9b0f5fff8248a09ce61187ff621.zip,False
cartman_1,https://data.votchallenge.net/sequences/1d8e5f7cfa552ee53b04a58b770f72e9a5000c2f90948c2cafdc0f98dac66524e34bd3a1ebf74fc4388bd77247e6999d3493015ec3423f42ec54409e888527d9.zip,False
cartman_robotarm_lab_noocc_1,https://data.votchallenge.net/sequences/48915cfcb5eb42eb33923ea2b01c95fe20b30b3e50f3efef9310e157d522d96b72b44532af938606fea1401ac156f32671e44c676e1aa13c8e0f36313cd9d2c5.zip,False
case_1,https://data.votchallenge.net/sequences/4a9003d06503cf052749770c5ce768e1d958ccfd3b5ca359a7a7d6fc6c9718886b8320836d367abdaed61911db71aa96ade61c0c15afcdab530e9df3b3a6331c.zip,False
cat01_indoor_1,https://data.votchallenge.net/sequences/69d04f4da04fc53054c79ccbf0c1c21f429e326db4ca2286d60a9f701ec68068f7db53ca1f05c9e21aa76862928c15f63ecb9cfe4b8f5cbef92529712d6822b4.zip,False
cat01_indoor_3,https://data.votchallenge.net/sequences/faa4563eb3f8c79317441ab8c9667887d3a6a8afad4beb8fa9668fbe2a1b1d6730632fcf2eeeecefeae5e98756f9533e6e1724a85d4846174019896ba8192ad7.zip,False
colacan03_indoor_1,https://data.votchallenge.net/sequences/b2d722da3a8ba825063473eb527779b0c8412a79adbe83125930b3e79d5d81a843393d51315c00070b3c05408f1e423d2472c18ba10f433ec60e02b779f8186f.zip,False
colacan03_indoor_3,https://data.votchallenge.net/sequences/bcfd67c61a26d23eeef7bcb32870a89f33484b11d28f066fbe7c4be1e4aaaed597ccbd42ac543d7a08b69889dc7f9acd629b650df9bcc77f7f95d881e1a18128.zip,False
colacan03_indoor_7,https://data.votchallenge.net/sequences/05f8bf5b751cb606881a687b68cdf7c9bf182227719576f51c48cfa87169641fc80cb8456671b25ae5963e03c53cbe29db7df34827952c419d7b035f81ac61c4.zip,False
container_room_noocc_1_1,https://data.votchallenge.net/sequences/cb79f2132b0ee0e572550eaab901faaee5ebe33f8e6516cefe2c9b8f39f3d7f9d82e07764b6ba844851192c674cc7a3f12483ef1c0903647c25c6d2d72427a4e.zip,False
cube02_indoor_1,https://data.votchallenge.net/sequences/52d4f21bffebbf9bb81ea97d6e67e87415d50fe5aafb3f29447bbc08b9acb0e2b03b8128a18606eb3e9321550c214b11300659223a5b6811bec9d551a73baa2d.zip,False
cube02_indoor_2,https://data.votchallenge.net/sequences/8165259350e68a7fb89de173ff9afb4e1255738f1d0e1306efb82f2e88442dffee1dc1200a6b5de89cfd3d61fa6503bfc3bce8e18dfe9f8d33751aec3c789ba8.zip,False
cube05_indoor_1,https://data.votchallenge.net/sequences/1609d2575744805bd4a0db4a78b2961cded8d1b848a0b061182e1c9c1c6495ba051e156fa85eada264e63f2a3c827c0acfaf532a81d3406838c47a472fda8a40.zip,False
cube05_indoor_2,https://data.votchallenge.net/sequences/24d0120b6759bb03ad73786ed5a8d68d953ef71418e2127a861256bdf1e3e242f4fd6047f0022693b2ed0d4a8cd92e64125673cfa4a58a3b476b2efcb7311325.zip,False
cube05_indoor_3,https://data.votchallenge.net/sequences/b6181b05aed5ee1be543665a713149e1300119ed098607743d9b8c56768e1af2309d7d1f31e63acd54a9ec3b3b637a70dcac83f0905ca7e8a94f85516f1009b2.zip,False
cube05_indoor_4,https://data.votchallenge.net/sequences/b2150616f35e64e076ef45e309617337349b0a219e10efe228aa35ec1abbb05a0118e5954ca89232ac2ee76a28380e1f101c9fddfcb49a3b2600e212528ae308.zip,False
cube05_indoor_5,https://data.votchallenge.net/sequences/ac9addfada4edcc7876dcc3e935c6b1ad1c6627db620fb6dd73b9417f468e64ffd19949823aff89f65ad707faf8ab6d4eead67f3d829adfc213891e8f7c8a785.zip,False
cube05_indoor_6,https://data.votchallenge.net/sequences/0261277a178f8e31115c5cf1cd439d447c42891750d6025c19467680808f6ec0ea405a729f2905c6439a76a51e65c1a1dc49c0df8f5ffb4633146e4f9ab0770a.zip,False
cup01_indoor_1,https://data.votchallenge.net/sequences/cd87c07a59f0f4b95099043a277a03f5c03531bf864b5a35c56a670d47fea50e19d331430960368e404480abc3b2b9c5b6f67967cf699373a86aa96d9f30648c.zip,False
cup02_indoor_1,https://data.votchallenge.net/sequences/1059d5d1d78e75d4b26acbabe74d8145be646e815566b045dc4a2694abbcdfc8898309bea26d916f85c5337298b732a7feddd7d3e739b488350f73f61f33e667.zip,False
cup04_indoor_1,https://data.votchallenge.net/sequences/5c030ac48f7f1b9d5c50c9076d775691efdf00588034e6cb2800ea98194fee08be32f4eb4ea453e303cfaab4dc2188978d5bd7fbd71a5cc6ac49d90d991a7154.zip,False
developmentboard_indoor_4,https://data.votchallenge.net/sequences/0e84947e4c291c6a3ed5f5ae0f9e5b084ce318a22417cfc1b646a05be6c6f2330bb95030ab8cb4ecfa65e30d4431a8a3a0065a97d930f7559f05d597f58259d9.zip,False
dog_outside_1,https://data.votchallenge.net/sequences/37411d9637342ec8b094d2168789bce914971d5c9eb6ec2c17515a8a0e1cba9ac20a402837b8dc8804519aa3cff0157a643b875817997efa604598cbd52db601.zip,False
duck03_wild_1,https://data.votchallenge.net/sequences/945e4216002099249c415c5aa0c4dd772beb448f7d1ee4349ab6c6da5bdbe7a58eb067d0bdeae6bada24b4430a77f19fcc044d4cfcd67ebb18cbb8d3354ed7b6.zip,False
duck03_wild_2,https://data.votchallenge.net/sequences/b8add0dab5242b15ef3c8c7be6d3608ca1893beaea485436826fa68070af3410038001ac1eef44737ff3a3fd443de7fa88a63f574e4b9dbded03b090edf8471f.zip,False
dumbbells01_indoor_1,https://data.votchallenge.net/sequences/e9cf29fb58081479715b7912d91c8e6204b95196cc24a3ae06c660c845c9262f7e2ab95f41101de3a499c028f02b5dcf9a3867fea838e71b3176ca2bae7e6d44.zip,False
dumbbells01_indoor_2,https://data.votchallenge.net/sequences/e50d9a447740e8000148aebcb0c112b9db9bf77eef3e4592f1f65bfeff300782a3c2ad53fa320d0de51951dee82b6414d398839b5685abfdd0ca7eb749756f63.zip,False
earphone01_indoor_1,https://data.votchallenge.net/sequences/ecc19f8ebba95e2f474201933f4d0fec9b0c022102221500349a1442849dfd9c625f80f3a0c058112d7a19e90c8f4ad906b7898488b2effee0003b721268adb3.zip,False
file01_indoor_1,https://data.votchallenge.net/sequences/530c3009bcb3f291959108c68ece523f89972183851596a6f6fa0828a91c3ed68a65d85295cc563dc9b1cb928f4f413379f5f86c93719fc5e4d78b0a9bc63ba9.zip,False
flag_indoor_1,https://data.votchallenge.net/sequences/71b8647481de0d659e4326b7dc43cab321cd11673fdbc0b191d7ac9edc26532bead417c574822477a2f61f33cb1e6649050f6318e9f1acdbd3e7dad3357d79ca.zip,False
glass01_indoor_1,https://data.votchallenge.net/sequences/24cf901e32d31b4ae4c7a8b2529b3e6da1b925124c579809b20524a7c07f4c4a914896eaf8b006b2b59c81d41257df69946ea9f0fae8f8fc2cc00e55120fe65b.zip,False
glass01_indoor_2,https://data.votchallenge.net/sequences/a93b9c66ec856a52226b975b308d4260f1bb67985bd3fe08707ca0daa6f5ff9c8457dd51343f9cf91dd935ec321ca9f2567cb8b959c8ea84a1db96043fd8ada7.zip,False
human02_indoor_1,https://data.votchallenge.net/sequences/12ad029b40fcc737e338f1737d320d27e6436601e27437e46647745d5fe8833f5c3a0bb1e1ab45d125b1b4000b3090567de0449bf1d6bb48d58f0615d6bb6ed3.zip,False
human02_indoor_2,https://data.votchallenge.net/sequences/93238024aa49f250278d9f9f427e0bf9a81ffe1a524ff9f92e2b6d544051c5fb4fbe5ab6ccc3b91cdb9e8c0a87f41c6faa8e317f8be8a37bf0c99c823397518e.zip,False
human02_indoor_3,https://data.votchallenge.net/sequences/99ab029099fe62670cfef55de9a3605a4d911418ab1ad5e7dd40809baf2c521d31be716bbaf6982e295546934ccb444ed76069c53b8fc792f9613edcba48b661.zip,False
humans_corridor_occ_1_1,https://data.votchallenge.net/sequences/2105e5a764d200524661bf226ce712e71e7fb156d319f5a78687d5965128f352deb0b54f0374814d9d907ad9aa3fc8a12a72b3fc5e774a07d613e06986d6cd2d.zip,False
humans_shirts_room_occ_1_A_1,https://data.votchallenge.net/sequences/4ce5f828d7327ed3d64d4efa8a6719829ab344b0dbfec16c986df4c2d6960824affec469120697c1d5d5b62622a48c30e59ef77c0586f20490b77c278f349a33.zip,False
humans_shirts_room_occ_1_A_2,https://data.votchallenge.net/sequences/b3147701f5c18c801bc75766298604b24d7cf7af1df8b421d836a864b9563823d3dd794c655a91672e667145baaebf2422c138e1b5bb00fd713f5211d736b901.zip,False
humans_shirts_room_occ_1_B_1,https://data.votchallenge.net/sequences/699a788654db7508ff20cc890783eba12224d2a6b264fc79cd7e46c93c00a26526e4bf3a6fa60248b94a1c6cbd11723983ea61ff4fc25b9df0cc516dfcc0624e.zip,False
humans_shirts_room_occ_1_B_2,https://data.votchallenge.net/sequences/c685563825b92afd24bb9b30279e391ae35660f7f8ea1434c532a3f2fb75f6f03397edf442705af98abed5af8d426518e8cd04765b9fb8e0d76e20587013ef4b.zip,False
jug_1,https://data.votchallenge.net/sequences/f3d56efffc0a9804eee92502c3f0f12b0075124a2bdb665ac18c50c7c25bb3e3a93f42931d1cda1b4d1ed5994550ce07735d0a7620ccc7f491b6aa01aff726a4.zip,False
lamp02_indoor_1,https://data.votchallenge.net/sequences/fe6e6c44f3bfd7c8748de6b646ec7e8181ae557963cd362a35d91c9c1e297a81d72a8026c2e887a2bff5577acb79dca732abd556df1f5b558c1a79e8d06a02a0.zip,False
mobilephone03_indoor_2,https://data.votchallenge.net/sequences/55b86be33d28a169488a51ea27cd0054afa34bba7f3771230ceb020ebe2998aebede78bc73cdb0a87ea980b6fe225fbe322a717b2c3c59915cd47f1bcc69dbc5.zip,False
mug_ankara_1,https://data.votchallenge.net/sequences/9d711700f2891b9772d0075e6d4ab60cc55796406367ce9fa830124bb1ed2965ad7b2131ce93bce45df1bee13c0e8cbd13639564aba96d18e51acd1d5fdde8b5.zip,False
mug_gs_1,https://data.votchallenge.net/sequences/7cc67e350f904ad7fbfcbf2b57c9a351359377497e437dd90cebf901651f60f99ba4764e6894e8b6dc42b80cfe1a58fc6622457ec3f6f67b9471590c4953f563.zip,False
notebook01_indoor_1,https://data.votchallenge.net/sequences/844c438ec90f2e379605b6d8d4464ce149acc4d2800170e9812771a8a561a1431204830debfee76ad35abafcbe695cc135986ac5c4e7d0d3ef614d6f9cf00859.zip,False
paperpunch_3,https://data.votchallenge.net/sequences/a3bf5552c7584d748e8553c5cecc282a4525bfefb2f05b2ed12c47d362536fd5ba947efb743fe6217f4f6ae2437b7c8ec9a785426cdf181f4678ef16c05bf160.zip,False
person_outside_1,https://data.votchallenge.net/sequences/9bd51e2488e50171ea94aa7cdfb5f53d39531d85891ab60a6c0c3a14a34bd2f303c3e40377e10660cb64833df8081b208eea9dd0735b7e8531354fbfdb984daf.zip,False
pigeon01_wild_1,https://data.votchallenge.net/sequences/79074b6a7978c3c7345ee9741b89dccf09eed2798d3b3ab1d4e4df7d152badf663e40ae888b33b40e3c9f2c6c0ec8d0f246584b33c4370103a1b8d9c55385071.zip,False
pigeon02_wild_1,https://data.votchallenge.net/sequences/c4d4a0a1c30d0ec3105dd7ca9aa6af463a692533c2b7e49e425093170a6c2bc6e565c1620108dc2c8834a2d52545d68fa95e006c3bcb0050d9a565f750e39f04.zip,False
pigeon04_wild_1,https://data.votchallenge.net/sequences/e3e5026df515a26f954985e5965cc6f671412a5319d558ce57c1cb57634de0d5c360bf3b4b212358ca05041efd6839aed2bffb65f0cf69e7adc81317ee50ff88.zip,False
pot_indoor_1,https://data.votchallenge.net/sequences/ce49b0997c5a2dc30ee4c24c4fa94a4b889f1fdaf1aa0dfb0b901e82f4c1a848923a4ba561920c670b089934f090e8b054e152279c9dc1ec28f02b8cffed39f1.zip,False
pot_indoor_2,https://data.votchallenge.net/sequences/d88798df8d8055b581ae95f9f381a278ea4810290e53fb49cb0c6a7213bbece6c98e44d6f34cdff3ccb19ec48a7a844fa1642a0b9246dd96255427d0227ae1e2.zip,False
pot_indoor_3,https://data.votchallenge.net/sequences/ae8c82bf813dbb0ddb3377e4dfadbf1337b433e4c044e015f7104b5d63f35bc4486e4577ea30b7057b741c595e85ed63f6ddad9210374b70384fb07491e72d49.zip,False
robot_corridor_occ_1_1,https://data.votchallenge.net/sequences/6621a36dfcd4b9e92ee68f17e5eaa71015ee2e6a5abb22e9a4fe77eb3fbafb490dce7aff38f57a55294d939df08ce635922be213329c2f2164cfe8d70c7e999b.zip,False
robot_human_corridor_noocc_1_B_1,https://data.votchallenge.net/sequences/27e177d8c9df189f6a4ee0bed5c99095bc47d934703e6731c67a031ca1e2428212ef54107ebf4c170f3458308a9d5dae984264ad36030d3851eb1f2888303222.zip,False
robot_lab_occ_1,https://data.votchallenge.net/sequences/48b71f0c4edb461079d18781bb55975cf4d42431ac9a92be8a8701a076b708327c216692dfae2d9e0e888d8085cd3cc9a66f51c94814dee074b6756c971a178a.zip,False
roller_indoor_1,https://data.votchallenge.net/sequences/a8fe7cb62ed8297f614bbae0c0b7cd3cb8f85bc801908a869ba121d2dd3357cc7bafcd3852e1b1c8216e8eea27c37efc45b15e1a942b16d0708119342a0c070c.zip,False
roller_indoor_2,https://data.votchallenge.net/sequences/6a4e0ff670da66b1cb029793821414635825a6527af2332d1a4d7c930beebb0525dbd3d390e2ecfc57f6e3a995865cdc13c363c6182ecee69691f97837d190f0.zip,False
roller_indoor_4,https://data.votchallenge.net/sequences/677be87e860ebc8aaef0342eacae048e384761372700fc524bfe57d49c85895393a05602a7cc14f5ad7eb1751c0e3e7f542698ba1f8a3077b10cadf69a0d469a.zip,False
shoes02_indoor_1,https://data.votchallenge.net/sequences/f666357b138390457d555ef289754ec21ea0e9ab7320c46aab2f9f446ac1bef73646159e1374760cc4285dfae2a10f84308734da02ed49077a858aedf2bd9c74.zip,False
shoes02_indoor_2,https://data.votchallenge.net/sequences/9fbde3cc757be98347b94c4a9ad643721c180a5ba34b6c010c7f1608d3241315526dff7e82142c062d9f9d4f2c6af68b817bdd771ebea3f284817511876b7bfa.zip,False
squirrel_wild_1,https://data.votchallenge.net/sequences/4d7272794ea0adc5e6de09f5b37f9ae7ba56056062f181fc52141b1eb2a115883a47c84d93543d825dc31f9f28decb48eeb5e07fc81b0098e6f1413917bf4a33.zip,False
squirrel_wild_2,https://data.votchallenge.net/sequences/88c634ae67f476d2836ac4bd70b0e2f7ef6b17f601a3e0b965a24f7a45e20a88e004b1c7b0e5cbbfff2d9e1af3ea9d8723774b0d15095cdf3d54902e5f1ca478.zip,False
squirrel_wild_3,https://data.votchallenge.net/sequences/b07fc033ea621c3d009ec7d64dbe181d1f856dca1b6ac8822d0f1c670fbc46f99e715223e9484a8150a3c9fbdb891ad3e3eea14e1f969680f5143956742837a1.zip,False
stick_indoor_1,https://data.votchallenge.net/sequences/6744b5d87846659f70c2549faecff1d6a008ea4433bdd8c08272548d9ec99067381eba430de0aff3ef1693a718d08efad5904b2d54ee23b13e93ab23aa6917e5.zip,False
teapot_1,https://data.votchallenge.net/sequences/e4d5eff6ba903b1ac3ab76cc062c1b5bcbdc93cc05160f2c1ce82885f92f5a0b77dc7d248c73d9128f3683a006da73add4a870ff13a7184e8830b603a055d59f.zip,False
toiletpaper01_indoor_1,https://data.votchallenge.net/sequences/44054120e58d678bf6c83509e077373fe8cca64ea85abe9af30a2a68a22c024f535016a16f0e0fc83f9eee5728f8ce4f27e607bbd9fb7c03546990af547786bc.zip,False
toiletpaper01_indoor_2,https://data.votchallenge.net/sequences/3c7edace8774460b29ae16716de218b2452d2ed35323639d5131c14c3371e24091f1a7eb582a4ce4b7ecea87ba25195eb620766f49be841facdf0c7b45fb2787.zip,False
toy02_indoor_1,https://data.votchallenge.net/sequences/353ec2c197f8ea1ef4084a1e9277eb7212d67371dd124ee99f8e53b001f3c18dd0dcf986b0c06474cd16bca74a3943d177bda9acce71130f354cac498192529d.zip,False
toy09_indoor_1,https://data.votchallenge.net/sequences/4f3ace8535b5e4e128918ab33d9aba4a1dd7aabc63378497324967dc68ae06ba4ca36b9ca4c009a66abbe29941ad9c5a60133dd2a92fffd8a92f8fdd6141058d.zip,False
toy_office_noocc_1_1,https://data.votchallenge.net/sequences/b9873fd52f573c4fde51a84fc88fed0f38a9c21ee5889c8b518553fcdefa332faa05cd7922f9004e80c85f97204ad0bb12de44360111598d1deae90ff5402239.zip,False
trashcan_room_occ_1_2,https://data.votchallenge.net/sequences/8d34f33e701f13e0346e62a8d3fdc2970b71f13f0eee881e6db8e1a74613e47c76653e8bd07e2a0e3e85fe4fce12b2351e9078a7769ddac1f8dcefea476a107d.zip,False
trashcans_room_occ_1_A_1,https://data.votchallenge.net/sequences/f02905e44135e3b4a17ad962582c853636cab308ebd364b345b089e70ec5c3b8f634d43ec2a0c8e6433ff31af0b3e640d620881f42a155ffa70fc1fff406f3de.zip,False
trashcans_room_occ_1_B_1,https://data.votchallenge.net/sequences/3491530267c2d848958a76f51780994699e6bdcd35c8c567a29cc3aee7836a87361f3678d140a9bd89c971a49734388c066f6fa02b5d9ce0fdf2ebc80367d42b.zip,False
trashcans_room_occ_1_B_3,https://data.votchallenge.net/sequences/eea9c66f1c2c566de6d60711a3757029df0c3f06b5e52bc86b4710ddc88066cfb3ecdada9ff84c07cf2c53d89e5eb135dea554ed7d8751e062bd3aedc1d1b6d6.zip,False
trendNetBag_outside_1,https://data.votchallenge.net/sequences/afaad6043f791762dd6c1460f51f44a7fd4c676a976cc033f1f64970e37289b1480a4cb02302f767348e12dbe585df809b3b86f7a0aa691cd76e00f40b58836e.zip,False
trendNet_outside_1,https://data.votchallenge.net/sequences/c299e07db7131229c424a693d18cde960fc4d2daf87781aa7d4efb9c3f23c7e7e9a54adccbf0444fc9df0fd034f407d6677c2370c925674a63e60a6908025731.zip,False
trendNet_outside_2,https://data.votchallenge.net/sequences/9b352fb09fad8ed04cec596601145415f7284f2e8c236aba4efaab1c02561b049e0693e1a208b05db1301dfd52a2117e005c3d2a491d72a0ccd733f38efd23e8.zip,False
trophy_outside_2,https://data.votchallenge.net/sequences/0487821472c8ee408c0e4318eef21deefe94e9e4da6e6c5aa994571be90fcfbd5e7f8398e2bd07702a228b853cb7e0b8416d571d7a8a7224c6400c4f7bdc040a.zip,False
two_mugs_1,https://data.votchallenge.net/sequences/21e7bd6fc965db5811b68c5320601d1660480579e3c58a4658399fc72bde2a1e0bed074826bc03b60ecc361612873945a3de70eee6c5d4d159df3c1027b9b4e1.zip,False
two_tennis_balls_1,https://data.votchallenge.net/sequences/5b6e4ba74f3a9c7ee21aaa3253e74a690d944d0a79fb1dbe73c15290aa8c768173512489b130f452cf5ee90256753c1d4a40e343027e22e40ca026d48a2cda20.zip,False
two_tennis_balls_3,https://data.votchallenge.net/sequences/dc1e848ef39d462022cfdcc4aed79cfbb80411b025ca1bc7801e90d9220384150feed3f0cede58a86939746c4824a5ca7a28e2018f7b3552731999b786878f4e.zip,False
XMG_outside_2,https://data.votchallenge.net/sequences/e5720c0309e6dbe38bd6fd0716cddb9906bc7ce1903a2e99a6c00862835b1bad1447205dedaecbe77f2ab37464659e745cf063ea8f685fb54b05893accfeeab0.zip,False
yogurt_indoor_1,https://data.votchallenge.net/sequences/7fc198aac30ebb0098da4cb75231a355195f6c5a95b5d136c94c8913bd68504bfab9b83e70f8dad100ee92102e2e5056df061a7e25516a81f9e2158c2dc5e366.zip,False
